Title,Release Date,Anime Type,Episode Count,Genres,Summary
?,"??.??.1932
				","('Movie',)",1 ep,['new'],"Four short vignettes in this early animated film. In the first, shadows pull away to reveal a puddle, and automobile and bicycle tires pass through it. In the second, cutout shadows of a variety of shoes of people walking are seen. The third is a flurry of geometric forms. In the fourth, the playing card spade courts the heart and pushes away the club, but eventually the club returns, beats up the spade, and wins the heart.
				"
.hack//G.U. Returner,"??.07.2007
				","('OVA',)",1 ep,"['action', 'adventure', 'fantasy', 'new', 'virtual world']","Haseo and the other members of the former Twilight Brigade receive an email from Ovan inviting them to go to the Hidden Forbidden Festival where a mysterious summer festival is set up. There they find an AIDA Chim Chim who wishes to peacefully co-exist with the other players of The World. It then transforms into the word ""Returner"", so they assume it to mean that Ovan will return to The World.Source: ANNNote: This is a single-episode OVA offered to fans who completed all three GU Games, featuring characters from the .hack//G.U. Games and .hack//Roots.
"
.hack//G.U. Trilogy,"22.12.2007
				","('Movie',)",1 ep,"['action', 'cyberpunk', 'fantasy', 'new', 'RPG', 'science fiction', 'super power', 'virtual world']","* Based on the CyberConnect2 hit game.The Movie will be placed in the storyline of each .hack//G.U. games trilogy. The story follows Haseo, a player in the online MMORPG called The World:R2 at first depicted as a PKK (Player Killer Killer) known as the ""Terror of Death"", a former member of the disbanded Twilight Brigade guild. Haseo encounters Azure Kite (believing him to be Tri-Edge and blaming him for what happened to Shino) but is hopelessly outmatched. Azure Kite easily defeats Haseo and Data Drains him, reducing his level from 133 to 1 and leaving him without any items, weapons, or member addresses. He is left with a mystery on his hands as to the nature of the Data Drain and why Azure Kite is in possession of such a skill.Eventually Haseo gains the ""Avatar"" of Skeith. Acquiring the ability to call Skeith and wield his abilities, such as Data Drain. With Skeith as his strength, Haseo begins the quest for a way to save Shino.He is seen seeking out a PK (Player Killer) known as Tri-Edge, whose victims supposedly are unable to return to The World after he PKs them. Haseo's friend, Shino, was attacked six months prior to the events of the game by Tri-Edge, and the player herself, Shino Nanao, was left in a coma.by XellosPL
"
.hack//Gift,"16.11.2003
				","('OVA',)",1 ep,"['comedy', 'fantasy', 'magic', 'new', 'nudity', 'parody', 'seinen', 'virtual world']","Helba has prepared a special hot springs for some much needed rest and relaxation. Tsukasa, Mimiru, BlackRose, Kite and other friends from The World decide they are due for some soaking in the hot springs themselves. There is a catch, however: not only will Helba not reveal its exact location, but she insists that role-playing is forbidden.So who will find it first? And who keeps killing the other characters?Note: This is a parody of the .hack series with appearance of the characters from .hack//SIGN, .hack//Udeden and the games. It is also referred to as ""episode 29"" of .hack//SIGN. This OVA was originally a giveaway in Japan for those who bought all four .hack-games and will probably be included in the US-release of .hack//Quarantine.
"
.hack//Liminality,"20.06.2002 - 10.04.2003
				","('OVA',)",4 eps,"['detective', 'new', 'science fiction', 'seinen']","Minase Mai visits The World, a MMORPG, for the first time together with a friend, Tomonari Kasumi, using the hardware at the school club. Shortly thereafter she and her friend are found unconscious and are hospitalized. Mai regains consciousness quickly enough, but her friend stays in a coma. She decides to find out what caused this accident, for her sake and that of her friend. Mai suspects that the game had something to do with it, unthinkable, especially since 20 million users are playing it. But an encounter with a middle-aged man, Tokuoka Jun'ichirou, who had previously worked for the game company that created The World, confirms her worst suspicions. They decide to team up and investigate further...— written by foo2
"
.hack//Quantum,"27.11.2010 - 22.01.2011
				","('OVA',)",3 eps,"['conspiracy', 'new', 'seinen', 'virtual world']","In the year 2020, Aida Asumi is a cheerful high school student who lives a parallel life inside an online fantasy role-playing game called The World R:X. There her user name is Sakuya. While playing together with her classmates Ikuta Iori (user name Tobias) and Etou Eri (user name Mary) inside the game and having an ordinary treasure hunting adventure, they end up caught in an ominous situation: after an unfortunate encounter with an elite guild and a mysterious player named Hermit, Etou loses consciousness and for an unknown reason is unable to wake up.Source: ANNNote: The three main characters use player characters similar to Kite, BlackRose and Balmung.
"
.hack//Roots,"06.04.2006 - 28.09.2006
				","('TV Series',)",26 eps,"['action', 'adventure', 'fantasy', 'new', 'seinen', 'super power', 'swordplay', 'virtual world']","In 2015, CC Corporation's data centre caught on fire destroying The World. By splicing in data from what would have been another project, CC Corp. was able to rebuild the game. In 2016, The World R:2 was released. In this slightly different world Haseo spends his time with Shino and Ovan in the guild known as the Twilight Brigade.
				"
.hack//Sekai no Mukou ni,"21.01.2012
				","('Movie',)",1 ep,"['action', 'fantasy', 'RPG', 'virtual world']","In 2024, children have lived their entire lives since birth in a world connected by networks. A cheerful 14-year-old middle school girl named Yuuki Sora has no interest in games, but her friends get her to go into the popular network game The World. However, due to a certain incident in The World, anomalies start occurring in the real world.Source: ANN
"
.hack//Sign,"04.04.2002 - 26.09.2002
				","('TV Series',)",26 eps,"['isekai', 'new', 'seinen', 'super power', 'virtual world']","In the year 2005, a computer virus called Pluto Kiss completely shuts down and restricts the global internet network. In 2007, after extensive rescinding of the network, an online network game (MMORPG) called The World is created and released.Tsukasa suddenly awakens to find himself in The World, being able to feel, smell, touch, see and hear everything as if he was really there. He attempts to log out but fails to do so. Being unable to remember what has happened before he awoke, he wanders around aimlessly to find answers. While doing so, system moderators, the Scarlet Knights, suspect that he has been working with hackers, because of a tweaked cat-faced character he had been seen with. Tsukasa finds a magical item, that grants him the power to use the fearful Guardian that will protect him from any harm. To Tsukasa's dismay it turns out that this guardian can not only easily defeat player characters in the game, but actually badly hurt players in the real world.On his search for truth, Tsukasa encounters the friendly and supportive Mimiru, the wise, fatherly Bear, the manipulative BT, the unscrupulous Sora, the fun-loving Crim, and the mysterious Subaru, leader of the Scarlet Knights. When a mythical item called the Key of the Twilight turns out to be less of a myth, Tsukasa, questions whom he can really trust, and what the power to overcome The World's system limitations actually entails...
				"
.hack//Tasogare no Udewa Densetsu,"09.01.2003 - 27.03.2003
				","('TV Series',)",12 eps,"['action', 'comedy', 'fantasy', 'magic', 'manga', 'new', 'science fiction', 'seinen', 'virtual world']","CyberConnect Corporation (CC Corporation), the creator and operator of the network game The World, holds a special campaign for its players. The grand prizes are two Limited Edition Characters: the legendary Twin Blade, Kite and the Heavy Blade, Black Rose from the .hackers data that has been prohibited since the Twilight incident.The second-year junior high school twins, Kunisaki Shuugo, and Rena, successfully win the Legendary Characters from the campaign. And even though Shuugo never played the network game before, he sets foot into The World on his sister's invitation.In the game world, Shuugo and Rena meet other players, like The Rare Hunter of Love and Courage Mireille a Wavemaster, the Werewolf Ouka of the Divine Fist, and the shy Wavemaster Hotaru and quickly become close friends after several events and encounters. However, the seemingly peaceful game world begins to show signs of weird glitches that eerily resemble the incidents from four years ago. Only this time, Shuugo, Rina and their new friends are involved in them...Note: Set in The World, four years after the Twilight incident (from the PS2 game), which not only shook the game world, but also the real world.
"
"""0""","23.10.2013
				","('Music Video',)",1 ep,[],No summary available.
"""Aesop"" no Ohanashi yori: Ushi to Kaeru, Yokubatta Inu","21.03.1970
				","('Movie',)",1 ep,['fantasy'],"* Based on Aesop's Fables.
				"
"""Anata o Hitokoto de Arawashite Kudasai"" no Shitsumon ga Nigate da.","12.01.2022
				","('Web',)",1 ep,[],"20xx, a little future story. In contrast to Yuki, who is struggling with job hunting because he doesn't know what he wants to do or what he wants to be, Michiru, who aims to become a journalist, has been steadily selected. The final task is coverage on a local island. Yuki refuses Michiru's request and decides to help with the task. Touching people working on an island (smart city) where calm nature and technology coexist, and a word from Michiru will change Yuuki's feelings.
				"
"""Eiji""","25.08.1990
				","('Movie',)",1 ep,"['boxing', 'comedy', 'manga', 'shounen']","* Based on a shounen manga in Jump.Eiji is the son of Japan's greatest boxer, but unfortunately, he happens to be a total high school loser. However, an old man is determined to make Eiji into a great boxer.
				"
"""Eikou Naki Tensai-tachi"" kara no Monogatari","25.03.2017 - 28.05.2017
				","('TV Special',)",2 eps,"['manga', 'seinen']","An anime/documentary series about athletes presented by NHK.The first episode adapts material from Itou Tomoyoshi and Morita Shingo's Weekly Young Jump biographical manga Eikou Naki Tensai-tachi (Geniuses Without Glory) — specifically the story about Furuhashi Hironoshin, the swimmer also known as ""the flying fish of Fujiyama."" The episode also includes interviews with Olympic swimmer Kitajima Kousuke and other Japanese swimmers about the how Furuhashi changed the Japanese competitive swimming world, as well as what sort of training is required to be an Olympic swimmer.Source: ANN
"
"""Eiyuu"" Kaitai","23.11.2016
				","('OVA',)",1 ep,"['isekai', 'novel', 'seinen']","The story centers on a boy named Yamada Uro, and a 17-year old girl named Karon. Both work as part of the ""Hero Retirement and Return to Everyday Life Assistance Agency,"" which takes heroes from another world back to Earth and helps them reintegrate into everyday life. Karon, a former hero herself, works under Uro as they tackle cases, and also lives with him, with Uro constantly failing to rein in Karon's hero-like behavior even as he tries to ingrain the behavior of common people into her.Source: ANN
"
"""Fate/Grand Order"" Memorial Movie 2023","30.07.2023
				","('Music Video',)",1 ep,[],"""To explore beyond the tale"" ""Myth and legend merge into a tale of your own.""
				"
"""Hataraku Saibou!!"" Saikyou no Teki, Futatabi. Karada no Naka wa ""Chou"" Oosawagi!","05.09.2020
				","('Movie',)",1 ep,['manga'],"Ippan Saibou is envious of the public praise immune system cells like white blood cells receive for protecting the human body from deadly pathogens. Instead of watching safely from his home, he also wants to be useful and get recognized for his efforts. He soon comes across a group of infantile-looking bacteria getting washed away by a river current. Despite knowing the potential dangers that they hold, he rescues the bacteria and brings them to safety. However, Hakkekkyuu U-1146 picks up the presence of these bacteria and is on the hunt for them.Meanwhile, somewhere else in the human body is NK Saibou, who is on the lookout for someone. Based on her intel, he is an antigen that the immune system cells have previously encountered, and he may have returned for revenge.Source: MALNote: An episode based on a story from volume 5 of the manga received a special screening ahead of the second season.
"
"""Oshi no Ko""","17.03.2023 - 28.06.2023
				","('TV Series',)",11 eps,"['daily life', 'idol', 'manga', 'performance', 'seinen', 'the arts', 'tragedy']","* Based on a seinen manga written by Akasaka Aka and drawn by Yokoyari Mengo.""In the world of showbiz, lies are weapons."" Amemiya Gorou works as an OB-GYN in the countryside, a life far removed from the entertainment industry. Meanwhile, his favorite idol, Hoshino Ai, has begun her climb to stardom. The two meet in the worst possible way, setting the gears of fate in motion!Source: Manga PlusNote: The first episode received a theatre release on March 17, 2023. The regular TV broadcast started on April 12, 2023.
"
"""Oshi no Ko"" (2024)","03.07.2024 - 06.10.2024
				","('TV Series',)",13 eps,"['manga', 'seinen']","* Based on a seinen manga written by Akasaka Aka and drawn by Yokoyari Mengo.Aqua's desire for revenge takes center stage as he navigates the dark underbelly of the entertainment world alongside his twin sister, Ruby. While Ruby follows in their slain mother's footsteps to become an idol, Aqua joins a famous theater troupe in hopes of uncovering clues to the identity of his father — the man who arranged their mother’s untimely death, and the man who once starred in the same troupe Aqua hopes to infiltrate.Source: HIDIVENote: The first episode was screened theatrically on June 30, 2024 in Japan and Germany. Further, the second episode premiered on July 6, 2024 at Anime Expo in Los Angeles. The regular TV broadcast started on July 3, 2024.
"
"""Oshi no Ko"" 3","?
				","('TV Series\n\t\t\t\t',)",TV Series,[],"* Based on a seinen manga written by Akasaka Aka and drawn by Yokoyari Mengo.
				"
"""Uchuu Senkan Yamato"" to Iu Jidai: Seireki 2202-nen no Sentaku","11.06.2021
				","('Movie',)",1 ep,[],"A compilation movie.
				"
#Compass 2.0: Sentou Setsuri Kaiseki System,"??.??.2025 - ?
				","('TV Series\n\t\t\t\t',)",TV Series,[],No summary available.
0-saiji Start Dash Monogatari,"07.07.2024 - 22.09.2024
				","('TV Series',)",12 eps,['short episodes'],"Lilia, the newborn daughter of a marquis, has the memories of her previous life! With cheat-like gamer knowledge she aims to become the strongest girl in this new ""other world""!
				"
00:08,"??.??.2014
				","('Movie',)",1 ep,"['new', 'short movie']","An 8-second animation that keeps looping... or does it?
				"
001,"07.02.2013
				","('Web',)",1 ep,"['new', 'short episodes']","Short animation by Masaki Okuda.
				"
009 Re:Cyborg,"27.10.2012
				","('Movie',)",1 ep,"['action', 'angel', 'cyborg', 'gunfights', 'human enhancement', 'manga', 'science fiction', 'shounen', 'super power', 'tragedy']","Nine regular humans from different parts of the world are abducted and transformed into cyborgs with astounding powers for the purpose of being used as weapons. The nine cyborgs rebel and start to fight against their creators in the name of justice and world peace. Decades later, the nine cyborgs seem to be untouched by time, but they live in a world where ""justice"" has as many nuances as the number of people living on the planet. So what is their place in the world now?Source: Production I.G Official Website
"
009-1,"06.10.2006 - 22.12.2006
				","('TV Series',)",12 eps,"['action', 'conspiracy', 'cyborg', 'manga', 'science fiction', 'tragedy']","In this alternate future, the Cold War has continued on for 140 years. The Earth is divided into two diametrically opposed factions — the Eastern Bloc and the Western Bloc. The two sides maintain a façade of peace, but continue their war with the threat of total nuclear annihilation.One of the Western Bloc's top agents, Mylene Hoffman — an enhanced female cyborg, codename 009-1 — experiences on a day-to-day basis what it means to be a pawn in this deadly game of spy vs. spy. Even though the war may be cold, it still means bloodshed. And each mission 009-1 almost miraculously pulls off makes her question the ethics of her profession more and more...
				"
009: The Reopening,"05.10.2010
				","('Other',)",1 ep,['short movie'],"The electronics maker Panasonic sponsored a stereoscopic 3D animation project of Ishinomori Shoutarou's classic science-fiction manga Cyborg 009 with director Oshii Mamoru and the studio Production I.G. The high-definition anime short, which is four minutes and 45 seconds long, was unveiled at the Panasonic booth at the CEATEC Japan 2010 trade show. The show run at the Makuhari Messe event center in Chiba, Japan from October 5 to October 8.
				"
07-Ghost,"07.04.2009 - 22.09.2009
				","('TV Series',)",25 eps,"['action', 'bishounen', 'fantasy', 'josei', 'magic', 'manga', 'military', 'super power', 'tragedy']","Set in a gothic fantasy world, this is the story of Teito Klein, an orphaned slave who became the top military academy student. However, an unexpected turn of events left him pursued by the forces of the Barsburg Empire. Now an escaping convict, Teito's sheltered by the church and its law of sanctuary. Here, he discovered many mysteries surrounding himself, the church, and the Empire itself. The fact that he might be connected to a dethroned king and the mystical stone of god, The Eye of Mikhael made him the target of the empire more than ever. Fortunately the church is under the mythical 7 Ghost protection. But who are the Ghosts really. Will Teito be free from the military's clutch, And what of his said mission to uncover the history. And who is the military's Chief-of-Staff Ayanami exactly. Teito's future seems to have spiraled into an unexpectedly perilous path.Source: ANN
"
1+2=Paradise,"23.02.1990 - 27.04.1990
				","('OVA',)",2 eps,"['comedy', 'ecchi', 'large breasts', 'love polygon', 'manga', 'nudity', 'pantsu', 'romance', 'seinen']","A strange relationship develops between college-boy Yuusuke and the beautiful twins, Yuka and Rika, he saves from a wild dog. The girls falls for their dauntless hero, but Yuusuke is pathologically scared of women.
				"
100 Banme no Saru,"25.05.1986
				","('Movie',)",1 ep,[],No summary available.
100 Byou Cinema: Robo to Shoujo (Kari),"16.06.2010 - 19.06.2011
				","('Web',)",9 eps,"['android', 'comedy', 'mecha', 'new', 'robot helper', 'science fiction', 'short episodes']","A girl and a robot live together in a scrapyard. The robot claims he wants to fight for justice with hero-like abilities, but everything always turns out wrong. The mystery behind the girl and the robot is unravelled through a rapid succession of unexpected turns of events.
				"
100 Nichikan Ikita Wani,"09.07.2021
				","('Movie',)",1 ep,['manga'],"The story centers on a crocodile living a normal life, unaware that he is due to die in 100 days. The crocodile spends ordinary days with his animal companions.Source: ANN
"
100-man no Inochi no Ue ni Ore wa Tatte Iru,"02.10.2020 - 18.12.2020
				","('TV Series',)",12 eps,"['action', 'adventure', 'coming of age', 'dark fantasy', 'isekai', 'magic', 'manga', 'parallel world', 'shounen']","* Based on a fantasy adventure manga written by Yamakawa Naoki and drawn by Nao Akinari.Ninth grader Yotsuya Yuusuke is practical, friendless, and not active in any clubs. Then one day, he and two female classmates are suddenly sent to another world where they must work together to battle for their lives. Yotsuya is a lone wolf and has always lived his life according to his wants, but how will that work out now that he's supposed to be a hero?!Source: Kodansha Comics
"
100-man no Inochi no Ue ni Ore wa Tatte Iru (2021),"10.07.2021 - 25.09.2021
				","('TV Series',)",12 eps,"['action', 'adventure', 'angst', 'coming of age', 'isekai', 'magic', 'manga', 'parallel world', 'shounen']","* Based on a fantasy adventure manga written by Yamakawa Naoki and drawn by Nao Akinari.Aloof and logical middle school third-year Yotsuya Yuusuke is transported to a game-like alternate world. He becomes a third player and takes on a dangerous quest with his classmates Shindou Iu and Hakozaki Kusue, who were transported there earlier. The cold Yuusuke eschews emotionalism and examines all elements with detachment, sometimes even toying with the lives of his companions. Can he protect his party from attacking monsters, difficult incidents, and powerful scheming enemies and win the game?Source: crunchyroll
"
100% Pascal-sensei,"15.10.2016 - 15.03.2017
				","('Web',)",6 eps,['short episodes'],No summary available.
100% Pascal-sensei (2017),"15.04.2017 - 16.12.2017
				","('TV Series',)",36 eps,"['half-length episodes', 'kodomo']","The story centers around an elementary school teacher who is so stupid that he cannot even write his own name. He does whatever he likes in his classroom. Plus, by all appearances, he is not human.Source: ANN
"
1000-nen Joou,"13.03.1982
				","('Movie',)",1 ep,"['post-apocalyptic', 'tragedy']","""Queen Millennia"" retells the story told in the 42-episode TV series.The planet La-Metal is drawing nearer to Earth than ever as time goes by. Yukino Yayoi the Millennial Queen, camouflaged as an assistant at the observatory, gets a sudden call from a new Millennial Queen, which turns out to be the announcement of a shift in generations. A dark look shades Yayoi's face because she still has things left to do. Her little sister shows around and tells her that La-Metal is planning to take possession of Earth. About that time, Amamori Hajime loses both his parents by an explosion, which causes him to end up at his uncle's place.Countless meteorites from La-Metal, now turned into blocks of flame, shower on Earth, driving people to panic. Hajime runs towards the mansion where Yukino resides in order to save her, but there he is ushered to the underground where tens of thousands of refugees are present; the place is a giant shelter built by the Millennial Queen several centuries ago. He is taught that this shelter can escape Earth with people and animals inside, just like the vessel depicted in the Bible. Earthquakes shake the earth and the sky, and Noah's ark finally makes its appearance.On the other hand, a large army sent from La-Metal attacks furiously. Yukino is perplexed why she has been told nothing about it. Just what might be the true intention of La-Metal? The force of Earth strikes back, and the war reaches its climax.
				"
1001 Nights,"30.04.1998
				","('Movie',)",1 ep,"['demon', 'fantasy', 'manga', 'nudity', 'romance', 'seinen']","* Based on Amano Yoshitaka's book of artwork.Presented in the form of a feverish love dream, 1001 Nights is the first performance of the ground-breaking ""Filmharmonic"" series, which presents new orchestral works by film composers in tandem with short films made by A-list directors. Nights is the series' only animated work, and plans originally called for the film to be completely computer animated.
				"
11 Eyes,"07.10.2009 - 23.12.2009
				","('TV Series',)",12 eps,"['action', 'angst', 'contemporary fantasy', 'ecchi', 'erotic game', 'fantasy', 'female student', 'seinen', 'super power', 'swordplay', 'visual novel']","* Based on the 11eyes — Tsumi to Batsu to Aganai no Shoujo adult PC game by developer Lass.The Red Night — it appears without warning. Real, yet unreal. A dark world which exists in an alternate dimension. The Fragments, boys and girls who have been dragged inside are being attacked by strange black knights. Why them? Just what will happen? Will an answer await them at the end of this nightmare? — from introSeven teen classmates are transported to another world magic where they must defeat six black knights in order to return home.
				"
11-piki no Neko,"19.07.1980
				","('Movie',)",1 ep,[],"A gang of eleven stray cats wreak havoc in a small town, costing them much trouble.They defend themselves by stating they were just 'hungry'.The cats hear of an urban legend about a scary, giant fish. They decide to take on the challenge to find and catch that fish, proving the citizens of the town that they're not all useless after all.The task is pretty tricky and the path they have to cross is stony and danger lurks everywhere.Will our little furry heroes be brave, confident and strong enough to master the challenge of challenges?
				"
11-piki no Neko to Ahoudori,"27.08.1986
				","('Movie',)",1 ep,[],"Eleven naughty cats on the run from the neighborhood police chief hear that a giant fish is nearby for the taking. They go on a hazardous quest find it, learning that they must work as a team to reach their goal.Source: The Anime Encyclopedia
"
12-sai.,"03.04.2014 - 01.12.2015
				","('OVA',)",12 eps,"['half-length episodes', 'manga', 'middle school', 'romance', 'school life', 'shoujo']","The story begins with Hanabi, a sixth-grade girl who is neither an adult nor a child. She deals with issues such as accidentally witnessing her homeroom teacher kissing, and worrying about experiencing physiological changes before her friends. The manga depicts a 12-year-old girl's innocent worries and first love.Source: ANNNote: Part of Shogakukan's Ciao magazine's Ciao Ciao TV! DVD series.
"
12-sai. Chicchana Mune no Tokimeki,"04.04.2016 - 20.06.2016
				","('TV Series',)",12 eps,"['coming of age', 'elementary school', 'manga', 'romance', 'school life', 'shoujo']","The story begins with Hanabi, a sixth-grade girl who is neither an adult nor a child. She deals with issues such as accidentally witnessing her homeroom teacher kissing, and worrying about experiencing physiological changes before her friends. The anime depicts a 12-year-old girl's innocent worries and first love.Source: ANN
"
12-sai. Chicchana Mune no Tokimeki (2016),"03.10.2016 - 19.12.2016
				","('TV Series',)",12 eps,"['manga', 'shoujo']","* Based on slice of life romance shoujo manga series written and illustrated by Maita Nao.
				"
15 Sonyeon Uju Pyoryugi,"27.07.1980
				","('Movie',)",1 ep,[],No summary available.
"15-sai, Kyou kara Dousei Hajimemasu.","08.06.2018 - 29.06.2018
				","('Web',)",30 eps,"['love polygon', 'short episodes']",No summary available.
16bit Sensation: Another Layer,"05.10.2023 - 28.12.2023
				","('TV Series',)",13 eps,"['daily life', 'fantasy', 'historical', 'magic', 'manga', 'seinen', 'time travel']","Akisato Konoha is an illustrator that loves beautiful girls and bishojo games. Her dream is to become a super-popular illustrator, so she is working hard at a bishojo game production company, but reality isn't that kind... With the golden age of social network games in full force, Konoha's company isn't doing well, and she works as a sub illustrator, spending her days painting the backs of random background characters. One day, the owner of a game shop gives her a classic bishojo game. With all her excitement over the golden age of bishojo games, she opens the package to ""Dokyusei,"" and is enveloped by a bright light. Konoha then realizes that she just traveled back in time! She ends up in the year 1992! It's the dawn of the bishojo game era! Konoha ends up working at a company called Alcohol Soft. Will she be able to think about, draw, and create all the beautiful girls she's ever wanted?!Source: CrunchyrollNote: The first two episodes received an early screening at a special event on October 1, 2023 at Shinjuku Wald 9 in Tokyo. The regular TV broadcast started on October 5, 2023.
"
18 If,"07.07.2017 - 29.09.2017
				","('TV Series',)",13 eps,['game'],"After going to sleep like normal, Tsukishiro Haruto wakes up to discover something unbelievable - he's stuck in dream world! Here, witches plague the dreamscape and are more than dreamy figments - they're the trapped souls of young women who've rejected reality and are afflicted by the ""Sleeping Beauty Syndrome."" As he searches for a way out, Haruto will face the witches and their terrifying powers.Source: crunchyroll
"
180 Byou de Kimi no Mimi o Shiawase ni Dekiruka?,"15.10.2021 - 31.12.2021
				","('TV Series',)",12 eps,"['new', 'short episodes']","The protagonist is ""you."" When your childhood friend girl Gekkou-chan hears that you are into ASMR, she buys a ""dummy head microphone"" and starts researching ASMR. Then there are Akimizu-chan, who wants to be friends with Gekkou, Gekkou's older sister and mom, and your twin younger sisters. The seven characters around you are drawn to the appeal of ASMR. Three minutes = 180 seconds in which you can experience realistic sounds, including ear scratching, breathing, voices, touching squeezes, ice, water, typing, and other household sounds.Source: Crunchyroll News
"
1989,"03.06.2009
				","('Music Video',)",1 ep,[],"Music video for song '1989' by the pillows from their 20th anniversary compilation album 'Rock stock & too smoking the pillows.'Source: MAL
"
2.43: Seiin Koukou Danshi Volley Bu,"08.01.2021 - 26.03.2021
				","('TV Series',)",12 eps,"['noitaminA', 'novel', 'sports', 'volleyball']","* Based on a sport light novel series written by Kabei Yukako and illustrated by Yamakawa Aiji.Haijima Kimichika leaves Tokyo behind and returns to his childhood home where he's reunited with an old friend, Kuroba Yuni. The two become an ace pair on the volleyball court but at the last tournament before graduation a fight causes the duo to split.Now reunited in high school, they are forced to mend their relationship in order to achieve their dreams of making it to the top.Source: funimation
"
2.5 Jigen no Ririsa,"05.07.2024 - 13.12.2024
				","('TV Series',)",24 eps,"['ecchi', 'manga']","* Based on a romantic cosplay comedy manga by Hashimoto Yuu.""I have no interest in real girls!"" So claims Okumura, the president of the school's manga club. He's your typical otaku, obsessed with a sexy (fictional) 2D manga character known as Liliel. Then the new school year starts, and a (real!) 3D girl named Ririsa whose passion is cosplay joins the club. Ririsa convinces Okumura to become her photographer–and guess who her favorite manga character is? Not only that, but Ririsa is into modeling the fetishy stuff! The boundaries between 2D and 3D start to blur as this hot-blooded romantic comedy unfolds.Source: Seven Seas EntertainmentNote: The first episode received an early screening on June 28, 2024 in Madrid and on June 29, 2024 in Barcelona. Additionally, episodes 8 and 9 received an early screening at a special event on June 29, 2024 at Iino Hall in Tokyo. Further, episodes 2 and 3 received an early screening on July 11, 2024 at Japan Expo in Paris. The regular TV broadcast started on July 5, 2024.
"
2.5 Jigen no Ririsa 2,"?
				","('TV Series\n\t\t\t\t',)",TV Series,[],"* Based on a romantic cosplay comedy manga by Hashimoto Yuu.
				"
20-dai no Heya Hen,"08.01.2015
				","('Web',)",1 ep,[],"The ""20-dai no Heya-hen"" (Rooms for Twentysomethings) commercial shows how the MyNavi Chintai service lets young people find living spaces that fit their different lifestyles. The characters profiled include a man living alone who searched for a place ""near the station,"" a woman with a dog who searched for an apartment that ""allows pets,"" a couple who searched for a place ""for two,"" and a woman searching for a room on the service.Source: ANN
"
2002-nen Harmoni Ondo,"24.04.2002
				","('Music Video',)",1 ep,[],"A music video for the song by Mika Shinno that was featured on NHK's Minna no Uta program.
				"
2005-nen Uchuu no Tabi,"31.12.2005
				","('Other',)",1 ep,"['American derived', 'movie', 'new', 'short movie']","Experimental short film by Michio Mihara.
				"
2010,"22.09.2010
				","('Music Video',)",1 ep,[],"A music video for The Telephones' song ""2010"".
				"
2020 Nyeon Ujuui Wonder Kiddy,"06.10.1989 - 29.12.1989
				","('TV Series',)",13 eps,[],No summary available.
21 Emon,"02.05.1991 - 26.03.1992
				","('TV Series',)",39 eps,[],No summary available.
21 Emon: Sora Ike! Hadashi no Princess,"07.03.1992
				","('Movie',)",1 ep,[],No summary available.
21 Emon: Uchuu e Irasshai!,"01.08.1981
				","('Movie',)",1 ep,[],"In the 21st century, would-be space pilot Emon discovers that he is the sole heir to the dilapidated Tsuzureya Inn in Tokyo. Realising that Emon can be persuaded, the owners of the Galaxy Hotel chain invite him on a space holiday to get him away from his inheritance.Source: The Anime Encyclopedia
"
21 Seiki Manga Hajimete Monogatari,"30.03.2001
				","('TV Special',)",1 ep,"['science fiction', 'time travel']",No summary available.
2112-nen Doraemon Tanjou,"04.03.1995
				","('Movie',)",1 ep,"['comedy', 'mecha', 'science fiction']","The date is September 3, 2112. Doraemon, a robot cat with initially a yellow body in addition to a much higher voice and ears, is manufactured at the Matsushiba Robot Factory. During Doraemon's manufacturing process, there are two terrorists escaping from the Japanese police by time warp. This causes the electricity supply of the Robot Factory to short circuit. While Doraemon is still on the assembly line, a burst of electricity hits him and he falls into the industrial garbage. Luckily, Noramyaako, a female robotic cat, saves him from the blast furnace. Of course Doraemon immediately falls for Noramyaako's charms.When Doraemon begins his training together with all the other robotic cats from the same production line, he keeps failing to pass the various tests, apparently due to the accident in production. But his ""maker"" has a kind heart and sends him to a class of unusual robots, where Doraemon meets Noramyaako again...Source: WikipediaNote: The movie can be seen as a prequel to the entire series, it shows the life of Doraemon before travelling to the 20th century.
"
22/7,"11.01.2020 - 28.03.2020
				","('TV Series',)",12 eps,"['idol', 'music', 'performance', 'the arts']","* 22/7 (nanabun no nijyuuni) is a digital idol and voice actors' project produced by famed producer Akimoto Yasushi.One day, Takigawa Miu suddenly receives a letter notifying her that she has been chosen as a member of a brand-new project. Half in disbelief, she heads over to the location stated on the letter. There, she finds seven other girls summoned there in the same fashion. The girls behold a giant, top-secret facility. They stand in bewilderment as they are told: ""You are going to debut for a major record label as an idol group.""A new kind of idol, never-before-seen, is about to be born here...Source: Official websiteNote: The first two episodes received an early screening at a special event on January 4, 2020, at Shinjuku Wald 9 in Tokyo. The regular TV broadcast started on January 11, 2020.
"
3-Choume no Tama: Onegai! Momo-chan o Sagashite!!,"14.08.1993
				","('Movie',)",1 ep,[],No summary available.
3-Choume no Tama: Uchi no Tama Shirimasenka?,"14.08.1993 - 28.08.1993
				","('TV Special',)",3 eps,['game'],"* Part of a mixed media video game and anime project by Group TAC.
				"
3-Choume no Tama: Uchi no Tama Shirimasenka? (1994),"03.04.1994 - 25.09.1994
				","('TV Series',)",26 eps,['game'],"The characters are the cats Tama, Momo, Gon, Beh, Koma, Tora, Nora and Kuro and the dogs Pochi and Bull. There is no consistent plot. Tama and his friends just have little, family friendly adventures every episode. The only consistency is when a new friend is made one episode and flashbacks.Source: ANNNote: The OVA episodes, as well as an additional three episodes, aired on TBS and MBS from July 3, 1993 to August 28, 1993.
"
3-D Tengoku,"??.10.1988
				","('Music Video',)",1 ep,[],"A music video for song by Psy-S for the Minna no Uta song program.
				"
3-nen D-gumi Glass no Kamen,"03.10.2016 - 26.12.2016
				","('TV Series',)",13 eps,"['comedy', 'parody', 'school life', 'short episodes']","To ""warm up"" cold hearts of modern people, Maya, Ayumi, Chigusa, and Yuu have teleported from the universe of Glass Mask to a modern high school, trying to ignite the passion of drama among high schooler nowadays. School director Masumi, however, thinks otherwise.Source: ANN
"
3-nen D-gumi Glass no Kamen: Tobidase Watashitachi no Victory Road,"22.07.2017
				","('Movie',)",1 ep,[],"Note: this was a VR film presented on stage, with the characters projected onto it with holographic technology. The same technology has been employed to allow for Hatsune Miku live concerts.
"
30-sai made Doutei da to Mahou Tsukai ni Nareru Rashii,"11.01.2024 - 28.03.2024
				","('TV Series',)",12 eps,"['bishounen', 'daily life', 'josei', 'manga', 'romance', 'shounen ai']","* Based on a BL romantic comedy manga by Toyota Yuu.Adachi, a thirty-year-old virgin, has developed the power to read people's minds by touching them. After a brush with his very handsome colleague, Adachi realizes the guy has a raging crush on none other than Adachi himself!Source: Square EnixNote: The first two episodes received an early screening at a special event on December 3, 2023 at Grand Cinema Sunshine Ikebukuro in Tokyo. The regular TV broadcast started on January 11, 2024.
"
30-sai made Doutei da to Mahou Tsukai ni Nareru Rashii Tokubetsu Henshuuban,"13.12.2024
				","('Movie',)",1 ep,[],"* Based on a BL romantic comedy manga by Toyota Yuu.
				"
30-sai no Hoken Taiiku,"07.04.2011 - 23.06.2011
				","('TV Series',)",12 eps,"['comedy', 'daily life', 'ecchi', 'half-length episodes', 'nudity', 'romance', 'seinen', 'sex']","* Based on Mitsuba and Ichijinsha's 30-sai no Hoken Taiiku (Health and Physical Education for 30-Year-Olds) guidebook. The guide is aimed at men in their 30s who have not experienced romance or sex with women yet.Imagawa Hayao is a 30 year-old virgin bachelor. One day, a cupid descends from heaven with the express purpose of forcing him to graduate from virginity. Thus unfolds a pure love story between a 30 year-old bachelor and a 30 year-old bachelorette.~ translated and adapted from official site by Cranston
"
30th Gundam Perfect Mission,"25.08.2009
				","('OVA',)",1 ep,"['mecha', 'new', 'piloted robot', 'science fiction', 'short movie']","* A short promotional video released in celebration of the 30th anniversary of the Gundam series. It was included on Gundam OP/ED Collection 20th and 21st Century song collection DVDs.An FF-X7 is guided into orbit with the assistance of every main protagonist Gundam for the first thirty years of the franchise's history.
				"
3D Kanojo: Real Girl,"04.04.2018 - 20.06.2018
				","('TV Series',)",12 eps,"['high school', 'manga', 'romance', 'school life', 'shoujo']","* Based on a romantic comedy manga by Nanami Mao.Tsutsui Hikari (a.k.a ""Tsuttsun"") is a high school student who is content with his virtual life of anime and video games. One day, he gets stuck cleaning the pool with Igarashi Iroha, a real live girl who is stylish, sassy and known to be easy with boys ... and she aggressively approaches him! Tsuttsun, who has few friends and lives in his own world, finds himself smitten by the confident and wild Iroha ... and his whole world is turned upside down!! It's the awkward and pure love story of a boy who experiences relationship for the first time.Source: kodansha comicsNote: The first episode received an early screening at a special event held at Space FS Shiodome on 31.03.2018.
"
3D Kanojo: Real Girl (2019),"09.01.2019 - 27.03.2019
				","('TV Series',)",12 eps,"['manga', 'romance', 'school life', 'shoujo']","* Based on a romantic comedy manga by Nanami Mao.An emo otaku like Hikari managed to get a girlfriend. It's been a real whirlwind. His love skills are so pathetically weak that after starting dating he kept making her mad, making her cry, hurting her feelings... the most worthless boyfriend. But... somehow they still manage to stick together.
				"
3x3 Eyes,"25.07.1991 - 19.03.1992
				","('OVA',)",4 eps,"['action', 'demon', 'fantasy', 'horror', 'manga', 'seinen', 'violence']","Pai is the last of the Sanjiyan -- a magical race of 3-eyed creatures, and she comes in search of Tokyo high-school student Yakumo with news of his father's death and hopes of becoming human. After a fatal accident, Pai is forced to absorb Yakumo's soul to keep him from dying, making him an undead creature bound to her. Their journey to make Pai human becomes complicated with dark forces seeking to stop them, especially when Pai's crueler nature emerges...
				"
3x3 Eyes: Seima Densetsu,"25.07.1995 - 25.06.1996
				","('OVA',)",3 eps,"['action', 'contemporary fantasy', 'demon', 'fantasy', 'horror', 'manga', 'seinen', 'violence']","Pai is the last of the Sanjiyan: an ancient magical race with three eyes. After meeting Yakumo's father, she wanted to become human. Now, after the cliffhanger in the first series, Pai is a schoolgirl with best friends and no memory of who she was. Her normal life suddenly changes when Yakumo, whose soul is bound to hers after she turned him into an immortal undead, finally finds her. Evil forces try to chain Pai's power and keep her from remembering who she was, as the battles are taken to the ancient lands of the Sanjiyan.
				"
4 Eyes,"??.??.1975
				","('Movie',)",1 ep,['short movie'],"Short movie by Tanaami Keiichi.
				"
4-Day Weekend,"18.12.1998
				","('Music Video',)",1 ep,[],"4 Day Weekend is a clip produced by Koji Morimoto of Studio 4°C for the song of the same name by the English group The Bluetones. An animation which once again mixes 2d animation and computer graphics. The originality of this song of Bluetones is that it was only distributed via the Internet, and was never played on radio.The clip was produced by the English company Nexus Films (specialized in advertising animation), and it gained ""Best Music Video"" in Holland Animation Festival 98.
				"
44-hiki no Neko,"??.??.1969
				","('Music Video',)",1 ep,[],"The Japanese version of the 1968 '44 Gatti,' an Italian song from the TV program Zecchino D'Oro. It was introduced in the Japanese NHK TV program 'Minna no Uta' in 1969.
				"
47 Todoufuken R,"12.01.2014 - 30.03.2014
				","('TV Series',)",12 eps,['short episodes'],"The anime series follows the comic interactions between dogs representing 47 todoufuken (prefectures) of Japan. Each dog is voiced by a voice actor hailing from the respective prefecture; also, each dog's design has a motif of the region's specialty.Source: ANNNote: the anime was aired together with Nyamen as a part of a programme called Inu Neko Hour.
"
48x61,"??.??.2003
				","('Web',)",1 ep,"['bicycling', 'comedy', 'new', 'short movie', 'sports']","48x61 is a short movie made by the famous director Rintarou for the Japanese manga artist and director Katsuhiro Otomo. It was produced by studio Madhouse.This movie was made when Rintarou was 61 years old and Katsuhiro 48 years old. Hence the title.Main characters in this movie are Rintarou and Katsuhiro. The story is about a bicycle race between the two them.Description by XellosPLNote: This anime short was released on DVD as a bonus of the Steamboy Starter Kit (reference BCBA-1966)
"
5-tou ni Naritai.,"10.10.1995
				","('Movie',)",1 ep,"['daily life', 'elementary school', 'kodomo', 'mina', 'novel', 'school life']","This is a story of a girl born with a bad leg. Ritsuko longs to go to school and make lots of friends, but this proves as not so easy. Her mother is very protective of her, and she is teased by her classmates, because of her disability. Will she manage to keep her smile?
				"
6 Angels,"20.11.2001 - 06.07.2002
				","('Web',)",6 eps,"['action', 'android', 'gunfights', 'half-length episodes', 'mecha', 'military', 'new', 'science fiction', 'violence']","In the near future, the death penalty has been revoked worldwide. Therefore, criminals are sent to an underground prison set in the impact crater of a nuclear site somewhere in the United States, known as Neo Purgatory. A group of women, known as the Guard of Rose, is caught in the crossfire when the mysterious villain Donn Canyon launches his mission to ""purify the world"" with radiation...Can Maki, Naomi, Doris, Marilyn, and Katherine save the human race from utter annihilation? Or will the Canyon family succeed in browbeating the world's superpowers to accept their fate?Source: themanime.org
"
6 Heart Princess,"04.10.2013
				","('Music Video',)",1 ep,"['idol', 'magical girl', 'music']","Pink or Black?Every woman has duality in her.Nice vs NaughtyInnocent vs SexyTransform into your other self!In collaboration with Takashi Murakami's animation work, shu uemura introduces the holiday collection themed on the ""dual beauty"" of the pink and black princess. Every woman has pink side and black side in her, nice and naughty, innocent and sexy. Play with fascinating multi-faceted beauty and freely transform yourself from pink to black, black to pink.
				"
6 Lovers,"27.02.2021
				","('OVA',)",6 eps,[],No summary available.
663114,"??.09.2011
				","('Other',)",1 ep,['short movie'],"Hirabayashi Isamu's 663114 is a short but hard-hitting monologue of a 66-year-old cicada. The insect draws parallels between the catastrophes of Hiroshima and Fukushima and poses a fundamental question about the future of our planet. 663114 won the Noburou Oofuji Award at the Mainichi Film Awards in February 2012.
				"
6HP,"30.12.2016 - 21.09.2019
				","('TV Special',)",7 eps,"['action', 'high school', 'loli', 'magical girl', 'new', 'parallel world', 'school clubs', 'school life', 'super power']","Note: The first air of the first episode was in an incomplete state with some scenes missing, the complete version was broadcasted on 23.09.2017.
"
7 Seeds,"28.06.2019
				","('Web',)",12 eps,"['josei', 'manga', 'post-apocalyptic', 'violence']","* Based on a sci-fi shoujo manga drawn by Tamura Yumi. It was serialized in Shogakukan's Bessatsu Shoujo Comic and Gekkan Flowers from November 2001 to July 2017 with 35 volumes.In the immediate future, a giant meteorite has collided with earth. All living organisms, including mankind, have been wiped off the face of the planet. The government, who had foreseen this outcome, took measures to counter the worst-case scenario. In particular was Project ""7 SEEDS"", in which five sets of seven gifted young men and women were carefully selected and placed into teams (Spring, Summer A, Summer B, Autumn and Winter). Each participant was then put under cryogenic sleep in hopes of preserving the continued existence of mankind.When those men and women awoke, they found themselves suddenly thrust into a cruel world. While bereft and grieved over forever losing their loved ones, they sought to find ways to survive.Source: M-U
"
7 Seeds (2020),"26.03.2020
				","('Web',)",12 eps,"['josei', 'manga', 'post-apocalyptic', 'violence']","* Based on a sci-fi shoujo manga drawn by Tamura Yumi. It was serialized in Shogakukan's Bessatsu Shoujo Comic and Gekkan Flowers from November 2001 to July 2017 with 35 volumes.A meteor strike has left the world a shattered shell of what it once was, but a government initiative involving cryogenics has given humanity a fighting chance. To date, the subjects of the 7SEEDS project have survived giant insects, post-apocalyptic weather, ferocious animals, and the greatest danger of all: other survivors, all of whom will do anything to live another day. But the 7SEEDS project's chosen few aren't safe yet, and the monumental mission of rebuilding society has only just begun.Source: Sentai Filmworks
"
77 Danui Bimil,"??.??.1978
				","('Movie',)",1 ep,['action'],"A young man is looking for his kidnapped family.
				"
8 Man,"07.11.1963 - 24.12.1964
				","('TV Series',)",56 eps,"['action', 'manga', 'science fiction', 'shounen']","A private investigator working a routine case involving stolen technology is mortally wounded. His only hope for survival comes from sacrificing his humanity to become 8Man -- a powerful cyborg crime-fighter enhanced with a living human brain. Resurrected as the ultimate high-tech vigilante, it is up to 8Man to bring the lawless to justice and put an end to the escalating cycle of violence. A classic animated thriller that will leave you breathless.Source: AnimeNfo
"
8 Man After,"21.08.1993 - 22.11.1993
				","('OVA',)",4 eps,"['action', 'cyborg', 'gunfights', 'human enhancement', 'law and order', 'manga', 'police', 'science fiction', 'seinen', 'thriller']","Whatever happened to 8-Man? Why did he suddenly disappear, never to be seen again? This was the question on Sachiko's mind, as she could not forget about that fateful day when she learned the truth.Times have changed. Crime has a new face and a new mode. Newer technology has become part of the game, but the number one incentive is still power. Power that organised crime is trying to acquire. So what do you do when the criminals turn into near-invincible cyborgs? The answer: bring back an old cyborg crime fighter, one capable of combating this new threat. 8-Man returns to the scene, but he has changed. His mind is different, as he has a new host with a different set of priorities.8-Man's new host is private detective Hazama Itsuru, a hard-nosed, sometimes violent man who likes to do things his way. So what does that mean when he is 8-Man? To put it short, he is quick and usually brutal. And since he still remembers his original life, he also remembers his grudges and his old enemies. A volatile mind in such a powerful body has everyone worried.Source: Absoluteanime.com
"
84 Taekwon V,"03.08.1984
				","('Movie',)",1 ep,"['action', 'kodomo', 'mecha', 'piloted robot', 'science fiction']","The seventh movie of the Robot Taekwon V series.
				"
86,"11.04.2021 - 20.06.2021
				","('TV Series',)",11 eps,"['action', 'mecha', 'military', 'novel', 'piloted robot', 'science fiction', 'seinen', 'tragedy']","* Based on a sci-fi military action light novel series written by Asato Asato and illustrated by Shirabi.The Republic of San Magnolia has long been under attack from the neighboring Giadian Empire's army of unmanned drones known as the Legion. After years of painstaking research, the Republic finally developed autonomous drones of their own, turning the one-sided struggle into a war without casualties-or at least, that's what the government claims.In truth, there is no such thing as a bloodless war. Beyond the fortified walls protecting the eighty-five Republic territories lies the ""nonexistent"" Eighty-Sixth Sector. The young men and women of this forsaken land are branded the Eighty-Six and, stripped of their humanity, pilot the ""unmanned"" weapons into battle...Source: Yen Press
"
86 (2021),"03.10.2021 - 19.03.2022
				","('TV Series',)",12 eps,"['action', 'angst', 'mecha', 'military', 'novel', 'piloted robot', 'science fiction', 'seinen', 'tragedy']","* Based on a sci-fi military action light novel series written by Asato Asato and illustrated by Shirabi.Having bid Lena farewell, Shin and the surviving members of the Spearhead squadron continue into the heart of Legion territory. There, they endure countless hardships until they're rescued by the Federal Republic of Giad, a reformed nation that offers them a second chance at a peaceful life. But it isn't long before a sense of duty calls the Eighty-Six back to the battlefield. Choosing to enlist in the military, they willingly walk back through the gates of hell, this time joined by a peculiar new ally-Frederica Rosenfort: a haughty young girl with a rare ability and wisdom far beyond her years.Source: Yen Press
"
9: Ruler`s Crown,"??.??.2025 - ?
				","('TV Series\n\t\t\t\t',)",TV Series,[],No summary available.
91 Days,"09.07.2016 - 01.10.2016
				","('TV Series',)",12 eps,"['action', 'gunfights', 'historical', 'mafia', 'new', 'seinen', 'tragedy', 'violence']","The story takes place in a city called Lawless during the Prohibition era in the United States. Angelo Lagusa arrives in the city and joins the Vanetti family under the name Avilio in order to seek revenge on those who murdered his parents and younger brother seven years ago. A killing starts kills. Revenge starts new revenge. A story of vengeance and sorrow starts now.Note: The first episode received an early screening at a special event on June 26, 2016, at Marunouchi Piccadilly 3 in Tokyo, and on June 28, 2016, at Animate Ikebukuro in Tokyo. The regular TV broadcast started on July 9, 2016.
"
A A B C,"??.04.1965
				","('Music Video',)",1 ep,[],No summary available.
A Channel +Smile,"11.02.2012 - 27.09.2017
				","('OVA',)",3 eps,"['4-koma manga', 'comedy', 'daily life', 'high school', 'manga', 'school life', 'seinen']","* Based on the 4-koma manga by Kuroda BB, serialised in Houbunsha's Manga Time Kirara Carat magazine since 2008.Following the everyday lives of four high school girls: the flighty Run, the reckless Tooru, the timid Yuuko, and the level-headed Nagi.Mountain of Pancakes — Kitou-sensei injures her hand during class and has to deal with it while Tooru brings cat Tansan to school with her to meet Yutaka and Miho. Later, the girls decide to get pancakes at a café where Miho happens to be working, facing trouble when Yutaka shows up out of the blue.A Picture of a Wish — Yuuko catches a cold so the others pay her a visit and help look after her. Later, the girls get together for the New Year's shrine visit.Let's Have Hot Pot — Tooru goes to great lengths to find Run, who has been away from her classroom during breaks all morning. Later, the girls gather at Tooru's house to have a hot pot party.Source: WikipediaNote: The first episode of this OVA received several early screenings at Animate Yokohama, Animate Akihabara, Gamers Akihabara and Gamers Nanba stores on Saturday, February 11, 2012 and at Akiba Softmap, Gamers Nagoya, Toranoana Nagoya on Sunday, February 12, 2012. It was released on DVD & BD together with the second episode on March 21, 2012.
"
A Channel The Animation,"08.04.2011 - 24.06.2011
				","('TV Series',)",12 eps,"['4-koma manga', 'daily life', 'high school', 'manga', 'school life', 'seinen']","* Based on a 4-koma manga by Kuroda BB, serialised in Manga Time Kirara Carat since 2008.The energetic, long-sleeved, sweets-loving Tooru, finally made it into the same school as her dear childhood friend Run — a flighty, air-headed, klutz, always kind sleepy head. Tooru is very protective of Run, and will not shy away from the use of an aluminium baseball bat — that she always seems to carry around, even in school — to fend off anyone who gets too chummy with Run. Tooru's apparent smaller stature, and younger age by one year (Class 1-7) should thus not fool anyone into underestimating her.Run visits Class 2-4 with her friends the timid, tall and quite busty Yuuko, and the level-headed, glasses-wearing Nagi. Through a series of misunderstandings Tooru sees Yuuko as her rival for Run's affection, and reacts quite violently in her jealousy against Yuuko.Daily life confronts these close friends with all sorts of banal situations, be they in school, in town or at home. But they always pull through... in their own special way.— written by foo2
"
A Day Before Us,"05.10.2018 - 08.02.2019
				","('Web',)",19 eps,"['new', 'romance']","A Day Before Us is an animated korean drama of a special and sweet love story of the following four main characters; Yeo Reum, Ha Eun, Kim Wook, and Yeon Woo.
				"
A Hundred Percents,"07.09.1990
				","('OVA',)",1 ep,[],"* Based on the manga Young Action by Yanagisawa Kimio.A pretty 22-year-old girl leaves university and gets her dream job as a TV newscaster, only to discover that life is tough at the top.
				"
A Log Day of Timbre,"25.02.2011
				","('OVA',)",1 ep,[],"A special follow up version of Mizue Mirai's Timbre A-Z.
				"
A Piece of Phantasmagoria,"??.??.1995
				","('OVA',)",15 eps,"['mina', 'novel', 'short episodes']","Tamura Shigeru anime relaxation, with simple and wonderful history.
				"
A Play,"??.??.2011
				","('Music Video',)",1 ep,[],"Music Video for the group ALT, made by Satoshi Murai.
				"
"A Rank Party o Ridatsu Shita Ore wa, Moto Oshiego-tachi to Meikyuu Shinbu o Mezasu.","12.01.2025 - ?
				","('TV Series',)",24 eps,['fantasy'],"As far as adventuring goes, supporting your party is a thankless job—even more so if you're just a lowly red mage like Yuke Feldio. So, when he gets fed up with his A-rank party of total a-holes, he ditches them for some former students—a trio of girls who just looove his company. Thing is, to conquer the world's greatest dungeon and achieve his dream, he'll have to teach these cuties a thing or two...and he may just learn there's more potential within him (and them) then he ever knew.Source: KodanshaNote: The first two episodes received an early screening at a special event on 17 December 2024 at Shinjuku Piccadilly in Tokyo. The regular TV broadcast started on 12 January 2025.
"
A Smart Experiment,"??.??.2006
				","('OVA',)",1 ep,[],"Bonus short included on the ""Atsushi Wada Works 2002-2010"" DVD.
				"
A Song for You! You? You!!,"25.03.2020
				","('Music Video',)",1 ep,"['idol', 'music', 'new', 'performance', 'the arts']",No summary available.
A Tang Qiyu,"21.07.2017
				","('Movie',)",1 ep,[],"A group of tea pets—cute clay figurines that are good-luck charms for tea drinkers—embark on a magical animated adventure to find a fabled mystic.Source: ""Seattle International Film Festival"" description
"
a_caFe,"??.??.2002
				","('Music Video',)",1 ep,[],"Independent animation by Hotchi Kazuhiro.
				"
A-Girl,"24.09.1993
				","('OVA',)",1 ep,"['daily life', 'manga', 'romance', 'shoujo']","The sisters Mariko and May, along with Mariko's bad-tempered boyfriend, become involved with Ichiro, an arrogant, womanising male model.This OVA has no dialog and is performed against a background of Japanese pop songs composed by Okada Tooru and sung in English by SEIKA. Dialog placards provide continuity, like in old silent films.Source: Collectr's Blog
"
A-Jang.com,"22.11.2001 - 14.02.2002
				","('TV Series',)",13 eps,[],"The spirit world, the real world and the Internet cyber world maintain peace and harmony by the Dimension stone, which was created by the three deities named Dragon King, Zeus and Zoolu. One day, Doddery had a date therefore he switched the stone guard duty with the Super Baby by bribing him with milk. A-jang fights hard with LuPin and Pigu till the end but in that process something goes wrong with the Dimension Stone and due to that unusual energy Spirit world becomes chaotic. Many spirits including LuPin and Pigu falls into cyber space and A-jang just manages to escape.(Source: myanimelist.net)
				"
A-Ko The Versus,"21.07.1990 - 21.08.1990
				","('OVA',)",2 eps,"['action', 'alien', 'comedy', 'dragon', 'humanoid alien', 'new', 'romance', 'science fiction', 'space travel', 'super power', 'violence']","In an alternate universe, A-ko and B-ko are bounty-hunter partners who hunt giant tortoises on a sand planet. When C-ko is kidnapped by a gang of space pirates, A-ko and B-ko set off to rescue her — thinking only of the reward money offered by her wealthy father. Aided by a pint-sized Galactic Police Officer named Maruten, the girls discover that C-ko's abduction is part of a much larger scheme. Gail, the charismatic leader of the space pirates, intends to use C-ko's body as a host for the spirit of Xena, a long-dead sorceress.Source: Wikipedia
"
A-Shuai,"27.04.2019 - ?
				","('Web',)",34 eps,['short episodes'],No summary available.
A-Shuai Di 3 Ji,"11.07.2020 - ?
				","('Web',)",34 eps,[],No summary available.
A-Shuai Di 4 Ji,"17.02.2021 - ?
				","('Web',)",34 eps,['short episodes'],No summary available.
